bore,bore
beloved,beloved
website,website
entertain,entertain
chopped,chopped
smoking,smoking
bizarre,bizarre
overseas,overseas
tribute,tribute
retrieve,retrieve
devise,devise
bomber,bomber
campaign,campaign
nominate,nominate
bargain,bargain
skeptical,skeptical
scrutiny,scrutiny
suppress,suppress
rape,rape
brass,brass
considering,considering
drill,drill
unfortunate,unfortunate
anchor,anchor
hunt,hunt
zero,zero
extract,extract
intensive,intensive
betray,betray
consistency,consistency
lift,lift
videotape,videotape
developed,developed
bureaucracy,bureaucracy
clever,clever
interactive,interactive
loser,loser
challenging,challenging
skiing,skiing
critique,critique
congregation,congregation
delicious,delicious
aboard,aboard
reproduce,reproduce
march,march
compassion,compassion
Iranian,Iranian
contract,contract
exit,exit
GOP,GOP
worm,worm
beneficial,beneficial
awkward,awkward
legendary,legendary
complication,complication
marijuana,marijuana
restoration,restoration
composer,composer
concession,concession
militia,militia
authentic,authentic
tenure,tenure
rejection,rejection
thief,thief
dome,dome
inadequate,inadequate
locker,locker
editorial,editorial
autumn,autumn
subsequently,subsequently
faithful,faithful
merger,merger
haunt,haunt
crude,crude
sheriff,sheriff
vague,vague
trader,trader
evoke,evoke
pal,pal
objective,objective
completion,completion
vein,vein
scar,scar
progress,progress
surrender,surrender
surge,surge
affirmative,affirmative
inspect,inspect
stroke,stroke
commentary,commentary
sailor,sailor
variance,variance
follower,follower
imperial,imperial
suspension,suspension
classic,classic
caller,caller
ranking,ranking
compensate,compensate
making,making
fossil,fossil
center,center
stunning,stunning
hover,hover
voice,voice
trout,trout
inappropriate,inappropriate
fuck,fuck
viable,viable
ray,ray
cowboy,cowboy
sketch,sketch
clarify,clarify
chat,chat
countless,countless
good,good
copper,copper
upcoming,upcoming
ninth,ninth
pupil,pupil
combat,combat
foster,foster
strive,strive
lyrics,lyrics
neglect,neglect
gambling,gambling
ward,ward
warfare,warfare
mound,mound
medieval,medieval
rob,rob
learner,learner
reasonably,reasonably
commercial,commercial
bang,bang
knot,knot
bad,bad
dragon,dragon
advocacy,advocacy
tilt,tilt
monetary,monetary
prosperity,prosperity
antibiotic,antibiotic
joint,joint
time,time
spray,spray
creator,creator
accumulate,accumulate
biologist,biologist
electoral,electoral
fishery,fishery
prosecute,prosecute
embody,embody
punch,punch
rug,rug
dull,dull
intervene,intervene
raid,raid
glow,glow
crown,crown
fake,fake
illustration,illustration
crab,crab
creep,creep
worthy,worthy
satisfied,satisfied
hydrogen,hydrogen
capitalism,capitalism
farming,farming
probability,probability
vinegar,vinegar
advisory,advisory
organizer,organizer
bar,bar
remedy,remedy
manuscript,manuscript
inability,inability
smash,smash
hopeful,hopeful
disagreement,disagreement
fancy,fancy
mandatory,mandatory
morality,morality
dive,dive
purely,purely
soda,soda
Iraqi,Iraqi
advertise,advertise
pick,pick
shiny,shiny
bass,bass
memo,memo
lesser,lesser
stun,stun
junk,junk
devoted,devoted
manufacture,manufacture
board,board
poorly,poorly
affection,affection
mature,mature
stamp,stamp
between,between
silently,silently
fool,fool
colored,colored
warming,warming
philosopher,philosopher
clutch,clutch
breakdown,breakdown
conceal,conceal
retreat,retreat
experiment,experiment
monitoring,monitoring
kidney,kidney
curl,curl
spin,spin
healing,healing
nineteenth,nineteenth
goodness,goodness
geography,geography
destiny,destiny
remarkably,remarkably
alien,alien
literacy,literacy
taxi,taxi
leak,leak
solo,solo
narrative,narrative
Australian,Australian
trillion,trillion
loving,loving
homicide,homicide
parliament,parliament
herd,herd
greenhouse,greenhouse
outline,outline
biblical,biblical
passionate,passionate
expenditure,expenditure
probe,probe
pipeline,pipeline
fuel,fuel
psychiatrist,psychiatrist
ruin,ruin
atom,atom
snack,snack
hood,hood
ending,ending
migrant,migrant
positively,positively
charming,charming
baking,baking
supplement,supplement
ink,ink
distress,distress
competence,competence
adaptation,adaptation
Oscar,Oscar
imagery,imagery
addiction,addiction
pledge,pledge
paradigm,paradigm
homeowner,homeowner
memorial,memorial
large,large
hierarchy,hierarchy
infect,infect
double,double
backward,backward
hike,hike
offend,offend
appetite,appetite
left,left
sympathetic,sympathetic
reconstruction,reconstruction
condom,condom
hostility,hostility
temporarily,temporarily
master,master
litigation,litigation
spectator,spectator
bleed,bleed
comet,comet
explicitly,explicitly
ensemble,ensemble
anger,anger
choke,choke
saint,saint
cocktail,cocktail
kick,kick
part-time,part-time
twenty-five,twenty-five
pea,pea
pesticide,pesticide
delegate,delegate
tremble,tremble
preservation,preservation
cautious,cautious
trigger,trigger
rotation,rotation
adolescent,adolescent
affordable,affordable
prejudice,prejudice
certificate,certificate
Italian,Italian
venture,venture
robe,robe
price,price
designate,designate
abruptly,abruptly
nod,nod
mercy,mercy
rookie,rookie
pin,pin
scream,scream
classmate,classmate
hurt,hurt
cult,cult
acute,acute
motel,motel
hatred,hatred
diameter,diameter
nursing,nursing
predecessor,predecessor
induce,induce
blast,blast
enlist,enlist
disclosure,disclosure
juvenile,juvenile
fan,fan
open,open
gown,gown
notably,notably
usual,usual
halt,halt
persistent,persistent
correlate,correlate
humanitarian,humanitarian
update,update
exile,exile
roar,roar
torture,torture
architectural,architectural
chorus,chorus
fountain,fountain
revive,revive
endangered,endangered
comic,comic
reside,reside
revenge,revenge
unclear,unclear
sour,sour
caution,caution
originate,originate
empirical,empirical
lure,lure
compile,compile
nationally,nationally
erupt,erupt
graphic,graphic
loom,loom
witch,witch
endorsement,endorsement
notable,notable
dusty,dusty
glow,glow
trip,trip
cane,cane
fortunate,fortunate
least,least
forge,forge
export,export
disrupt,disrupt
commerce,commerce
aging,aging
rap,rap
surgical,surgical
breakthrough,breakthrough
specialized,specialized
established,established
lobbyist,lobbyist
desirable,desirable
slim,slim
remains,remains
allege,allege
grip,grip
alert,alert
rear,rear
attain,attain
countryside,countryside
hut,hut
sixteen,sixteen
couple,couple
holding,holding
excite,excite
dinosaur,dinosaur
choir,choir
comfort,comfort
title,title
urgent,urgent
pronounce,pronounce
banner,banner
rising,rising
insider,insider
reform,reform
confine,confine
assertion,assertion
burst,burst
underground,underground
orthodox,orthodox
register,register
payroll,payroll
odor,odor
outbreak,outbreak
grim,grim
winning,winning
strand,strand
freshly,freshly
profitable,profitable
orchestra,orchestra
novel,novel
drought,drought
bead,bead
uphold,uphold
commentator,commentator
leap,leap
blame,blame
tape,tape
sweat,sweat
believer,believer
hazardous,hazardous
confirmation,confirmation
wireless,wireless
merge,merge
proceedings,proceedings
shaft,shaft
convenient,convenient
accommodation,accommodation
theft,theft
frog,frog
guess,guess
vanilla,vanilla
grind,grind
elected,elected
lone,lone
registration,registration
wounded,wounded
prescribe,prescribe
courtesy,courtesy
shotgun,shotgun
subway,subway
circulation,circulation
sentence,sentence
transplant,transplant
explosive,explosive
congressman,congressman
penetrate,penetrate
illuminate,illuminate
venue,venue
Nazi,Nazi
parameter,parameter
canal,canal
grill,grill
unnecessary,unnecessary
champagne,champagne
regression,regression
flaw,flaw
innocence,innocence
attribute,attribute
evolutionary,evolutionary
optimism,optimism
native,native
skinny,skinny
posture,posture
systematic,systematic
demon,demon
resulting,resulting
inclusion,inclusion
rehearsal,rehearsal
reassure,reassure
great,great
invoke,invoke
discard,discard
tub,tub
restraint,restraint
prospective,prospective
revival,revival
correspond,correspond
theirs,theirs
murderer,murderer
duration,duration
inside,inside
tin,tin
abundance,abundance
lime,lime
proposition,proposition
despair,despair
attendant,attendant
ethnicity,ethnicity
fulfill,fulfill
successor,successor
assassination,assassination
atomic,atomic
geographic,geographic
crying,crying
portable,portable
handling,handling
zero,zero
strawberry,strawberry
holder,holder
guerrilla,guerrilla
clarity,clarity
environmentalist,environmentalist
canyon,canyon
verse,verse
moisture,moisture
rally,rally
contradiction,contradiction
trophy,trophy
ironic,ironic
rattle,rattle
co-worker,co-worker
parenting,parenting
gorgeous,gorgeous
shatter,shatter
descent,descent
widen,widen
tease,tease
startle,startle
import,import
gospel,gospel
prince,prince
waiter,waiter
subject,subject
vow,vow
separately,separately
precision,precision
downstairs,downstairs
rigid,rigid
semester,semester
cutting,cutting
jam,jam
hometown,hometown
reply,reply
financially,financially
statistically,statistically
tumble,tumble
backup,backup
detector,detector
grid,grid
psychiatric,psychiatric
eighteen,eighteen
tax,tax
mistake,mistake
rotate,rotate
recount,recount
spotlight,spotlight
push,push
settler,settler
reason,reason
narrow,narrow
lean,lean
magnificent,magnificent
polite,polite
contrary,contrary
long,long
scrape,scrape
optical,optical
fourteen,fourteen
ambulance,ambulance
superintendent,superintendent
bump,bump
prey,prey
dead,dead
sadness,sadness
enthusiastic,enthusiastic
peculiar,peculiar
editorial,editorial
audit,audit
supporting,supporting
continually,continually
modem,modem
firefighter,firefighter
supper,supper
applicant,applicant
sample,sample
Egyptian,Egyptian
absent,absent
salvation,salvation
namely,namely
injured,injured
conceptual,conceptual
equivalent,equivalent
visa,visa
highlight,highlight
try,try
renew,renew
overhead,overhead
peach,peach
modification,modification
goose,goose
fireplace,fireplace
Caribbean,Caribbean
nurture,nurture
keyboard,keyboard
lobby,lobby
formally,formally
vivid,vivid
reserve,reserve
frighten,frighten
frightening,frightening
furious,furious
poison,poison
repeated,repeated
daddy,daddy
ruler,ruler
undoubtedly,undoubtedly
rocky,rocky
amount,amount
concrete,concrete
tenant,tenant
total,total
omit,omit
round,round
grade,grade
spider,spider
obsession,obsession
corpse,corpse
damp,damp
Turkish,Turkish
problematic,problematic
certainty,certainty
unidentified,unidentified
nutrition,nutrition
melody,melody
electron,electron
physicist,physicist
distinguished,distinguished
vocabulary,vocabulary
maple,maple
wool,wool
salesman,salesman
memoir,memoir
damn,damn
utterly,utterly
cultivate,cultivate
microphone,microphone
cherry,cherry
luxury,luxury
summarize,summarize
meadow,meadow
goodbye,goodbye
disposal,disposal
magical,magical
accordingly,accordingly
defy,defy
stack,stack
plug,plug
mining,mining
wallet,wallet
socialist,socialist
lamb,lamb
scrap,scrap
tempt,tempt
fundamentally,fundamentally
wildly,wildly
declaration,declaration
axis,axis
academy,academy
applause,applause
inject,inject
nursing,nursing
evenly,evenly
precede,precede
dual,dual
supervise,supervise
shield,shield
newcomer,newcomer
triangle,triangle
aspiration,aspiration
financing,financing
narrator,narrator
fried,fried
suitcase,suitcase
inclined,inclined
calcium,calcium
supervision,supervision
bump,bump
substitute,substitute
con,con
realization,realization
picnic,picnic
gravel,gravel
nationalism,nationalism
textile,textile
contrary,contrary
precedent,precedent
visiting,visiting
eternal,eternal
interpreter,interpreter
indictment,indictment
current,current
planned,planned
encompass,encompass
collision,collision
calf,calf
clan,clan
verify,verify
creek,creek
nursery,nursery
skillet,skillet
boxing,boxing
faction,faction
diplomacy,diplomacy
spice,spice
alert,alert
confused,confused
mat,mat
hop,hop
immense,immense
sixty,sixty
thirteen,thirteen
African-American,African-American
ashamed,ashamed
bitch,bitch
dean,dean
afterwards,afterwards
independently,independently
instrumental,instrumental
noble,noble
aftermath,aftermath
millennium,millennium
gasp,gasp
select,select
astronaut,astronaut
crust,crust
useless,useless
reproduction,reproduction
burn,burn
flu,flu
embarrassing,embarrassing
altar,altar
umbrella,umbrella
enrollment,enrollment
unconscious,unconscious
listing,listing
mosquito,mosquito
intimacy,intimacy
divert,divert
vine,vine
guardian,guardian
obey,obey
thoughtful,thoughtful
shocked,shocked
tech,tech
methodology,methodology
simulation,simulation
permanently,permanently
awaken,awaken
jail,jail
passive,passive
monopoly,monopoly
loudly,loudly
mess,mess
nun,nun
outrage,outrage
quantum,quantum
level,level
optional,optional
summon,summon
attachment,attachment
miner,miner
aloud,aloud
cigar,cigar
breed,breed
broth,broth
delegation,delegation
haven,haven
dangle,dangle
stage,stage
jerk,jerk
mobility,mobility
assurance,assurance
chop,chop
competing,competing
spark,spark
spare,spare
mob,mob
dioxide,dioxide
affirm,affirm
consultation,consultation
weep,weep
liquor,liquor
accountable,accountable
sip,sip
pace,pace
sadly,sadly
emergence,emergence
span,span
fold,fold
applaud,applaud
lifelong,lifelong
linger,linger
cube,cube
Swiss,Swiss
fax,fax
preacher,preacher
underneath,underneath
embassy,embassy
calm,calm
injection,injection
plantation,plantation
clear,clear
dim,dim
sunset,sunset
facial,facial
predictable,predictable
presume,presume
empty,empty
x-ray,x-ray
nearest,nearest
echo,echo
stabilize,stabilize
excess,excess
constituent,constituent
proponent,proponent
Vietnamese,Vietnamese
gardener,gardener
antique,antique
Polish,Polish
sweeping,sweeping
dairy,dairy
skate,skate
manipulation,manipulation
wit,wit
legitimacy,legitimacy
curse,curse
Saudi,Saudi
fabulous,fabulous
resignation,resignation
intersection,intersection
whisper,whisper
sum,sum
reconciliation,reconciliation
impairment,impairment
Latino,Latino
deed,deed
cruise,cruise
culturally,culturally
sigh,sigh
film,film
miserable,miserable
closure,closure
half,half
machinery,machinery
lively,lively
shave,shave
luxury,luxury
institute,institute
erase,erase
plot,plot
irrelevant,irrelevant
terminal,terminal
harbor,harbor
coaching,coaching
foolish,foolish
frightened,frightened
hate,hate
Reverend,Reverend
ignorance,ignorance
neatly,neatly
smoking,smoking
skier,skier
wetland,wetland
playground,playground
cellular,cellular
embarrassment,embarrassment
amateur,amateur
competent,competent
linear,linear
mosque,mosque
primitive,primitive
reasoning,reasoning
balcony,balcony
closing,closing
excellence,excellence
brow,brow
ant,ant
par,par
harmful,harmful
recycle,recycle
worship,worship
torture,torture
coincidence,coincidence
resentment,resentment
feminine,feminine
justification,justification
dependence,dependence
destructive,destructive
repetition,repetition
niche,niche
tuition,tuition
bid,bid
dividend,dividend
single,single
re-election,re-election
wash,wash
revise,revise
bark,bark
inexpensive,inexpensive
terrify,terrify
governmental,governmental
sleeping,sleeping
like,like
courtyard,courtyard
fascinate,fascinate
graphic,graphic
generator,generator
stab,stab
cafe,cafe
incidence,incidence
prop,prop
failed,failed
pledge,pledge
propaganda,propaganda
underscore,underscore
formulate,formulate
corrupt,corrupt
castle,castle
technically,technically
parallel,parallel
wan,wan
fulfil,fulfil
microwave,microwave
thorough,thorough
specimen,specimen
obscure,obscure
near,near
spectacle,spectacle
thrill,thrill
heroin,heroin
monk,monk
anchor,anchor
outlook,outlook
treat,treat
above,above
bout,bout
laptop,laptop
sniff,sniff
reproductive,reproductive
varying,varying
matrix,matrix
printer,printer
spatial,spatial
setup,setup
bored,bored
cone,cone
cleanup,cleanup
runway,runway
filter,filter
locally,locally
armor,armor
stroll,stroll
uh-huh,uh-huh
lineup,lineup
nitrogen,nitrogen
rebound,rebound
transparent,transparent
integral,integral
respective,respective
saying,saying
circulate,circulate
forecast,forecast
Easter,Easter
substitute,substitute
intriguing,intriguing
classification,classification
breeding,breeding
paragraph,paragraph
advisor,advisor
thrust,thrust
allied,allied
recreation,recreation
jam,jam
footage,footage
absurd,absurd
preferred,preferred
say,say
urge,urge
temptation,temptation
reservoir,reservoir
feast,feast
unfamiliar,unfamiliar
analogy,analogy
conductor,conductor
inhabitant,inhabitant
strap,strap
fund-raising,fund-raising
determined,determined
logo,logo
drain,drain
leak,leak
intensify,intensify
mail,mail
regret,regret
toddler,toddler
spell,spell
arc,arc
sway,sway
maximum,maximum
slip,slip
sophomore,sophomore
maximize,maximize
head,head
upgrade,upgrade
manifest,manifest
refusal,refusal
erosion,erosion
recreational,recreational
flush,flush
license,license
educated,educated
ruling,ruling
lick,lick
predominantly,predominantly
unaware,unaware
align,align
courthouse,courthouse
mighty,mighty
sufficiently,sufficiently
idiot,idiot
subjective,subjective
valve,valve
defect,defect
accountant,accountant
fairness,fairness
vulnerability,vulnerability
additionally,additionally
finely,finely
owl,owl
slash,slash
petition,petition
diner,diner
advertisement,advertisement
aside,aside
correspondence,correspondence
static,static
artery,artery
mist,mist
overall,overall
curator,curator
baseline,baseline
coefficient,coefficient
correction,correction
grower,grower
nonsense,nonsense
gum,gum
contrast,contrast
thrill,thrill
thesis,thesis
dressing,dressing
audio,audio
qualified,qualified
cosmic,cosmic
ponder,ponder
sanctuary,sanctuary
complicate,complicate
smooth,smooth
denounce,denounce
beating,beating
prepared,prepared
lounge,lounge
stool,stool
recycling,recycling
uniform,uniform
credible,credible
simmer,simmer
tuna,tuna
revision,revision
dear,dear
horizontal,horizontal
mattress,mattress
daylight,daylight
warrant,warrant
exceptional,exceptional
saturated,saturated
embed,embed
staffer,staffer
wary,wary
parallel,parallel
bundle,bundle
memorable,memorable
linen,linen
ozone,ozone
robbery,robbery
footstep,footstep
common,common
prostitute,prostitute
drip,drip
battlefield,battlefield
nicely,nicely
shocking,shocking
recorder,recorder
clove,clove
loosen,loosen
intake,intake
predictor,predictor
elevate,elevate
forced,forced
lottery,lottery
chore,chore
fringe,fringe
reduced,reduced
lengthy,lengthy
log,log
hedge,hedge
academic,academic
tattoo,tattoo
shopper,shopper
ski,ski
telecommunications,telecommunications
scan,scan
coral,coral
heating,heating
lease,lease
appliance,appliance
census,census
maid,maid
murmur,murmur
circus,circus
rationale,rationale
gauge,gauge
detail,detail
corps,corps
injustice,injustice
inhabit,inhabit
quota,quota
lieutenant,lieutenant
excerpt,excerpt
excess,excess
stride,stride
soy,soy
Soviet,Soviet
dub,dub
motorcycle,motorcycle
copyright,copyright
miniature,miniature
coordination,coordination
insurer,insurer
unbelievable,unbelievable
ripe,ripe
amazed,amazed
warrant,warrant
slogan,slogan
oversight,oversight
reunion,reunion
large-scale,large-scale
accord,accord
jewel,jewel
snatch,snatch
waiting,waiting
feminist,feminist
coat,coat
perch,perch
outrageous,outrageous
viewpoint,viewpoint
overly,overly
all-star,all-star
albeit,albeit
feed,feed
adequately,adequately
shrine,shrine
individually,individually
misery,misery
mold,mold
dial,dial
avenue,avenue
addict,addict
marginal,marginal
ramp,ramp
staff,staff
berry,berry
mug,mug
mustard,mustard
cleaning,cleaning
controller,controller
nickname,nickname
villager,villager
whatsoever,whatsoever
relaxed,relaxed
local,local
grave,grave
hail,hail
garment,garment
watercolor,watercolor
secretly,secretly
indoor,indoor
fertility,fertility
notify,notify
caregiver,caregiver
activate,activate
exert,exert
naive,naive
trustee,trustee
kindergarten,kindergarten
cereal,cereal
Arctic,Arctic
hug,hug
certification,certification
quilt,quilt
sensible,sensible
turnover,turnover
African,African
fracture,fracture
pyramid,pyramid
tract,tract
moving,moving
bachelor,bachelor
Protestant,Protestant
humble,humble
operational,operational
convincing,convincing
descendant,descendant
proudly,proudly
scarf,scarf
lump,lump
decoration,decoration
mammal,mammal
wide,wide
pumpkin,pumpkin
configuration,configuration
sampling,sampling
freeway,freeway
clash,clash
newsletter,newsletter
ground,ground
imitate,imitate
multiply,multiply
upward,upward
yank,yank
cough,cough
notorious,notorious
stereo,stereo
velvet,velvet
lethal,lethal
entail,entail
roller,roller
olive,olive
compost,compost
toast,toast
endeavor,endeavor
credential,credential
broadly,broadly
filmmaker,filmmaker
fix,fix
smoothly,smoothly
swirl,swirl
distraction,distraction
ham,ham
roam,roam
basin,basin
fling,fling
livestock,livestock
foam,foam
heroic,heroic
asteroid,asteroid
heir,heir
tomb,tomb
offset,offset
bald,bald
abandoned,abandoned
anticipation,anticipation
straightforward,straightforward
insure,insure
Viking,Viking
interface,interface
bookstore,bookstore
pope,pope
crisp,crisp
encouragement,encouragement
protester,protester
honesty,honesty
sausage,sausage
Sunni,Sunni
glorious,glorious
frustrating,frustrating
overturn,overturn
compact,compact
deprive,deprive
fearful,fearful
selective,selective
transcript,transcript
meditation,meditation
shiver,shiver
aging,aging
don,don
flourish,flourish
discharge,discharge
mainland,mainland
standpoint,standpoint
beautifully,beautifully
tug,tug
empower,empower
lobster,lobster
solidarity,solidarity
turning,turning
detection,detection
shield,shield
occurrence,occurrence
saddle,saddle
artwork,artwork
partisan,partisan
prone,prone
lasting,lasting
hose,hose
liberation,liberation
abundant,abundant
confusing,confusing
renewed,renewed
hammer,hammer
aggressively,aggressively
formidable,formidable
tap,tap
burial,burial
unwilling,unwilling
packet,packet
exclusion,exclusion
mobilize,mobilize
vigorous,vigorous
lazy,lazy
passport,passport
marital,marital
Greek,Greek
fond,fond
photographic,photographic
questionable,questionable
poise,poise
homemade,homemade
drape,drape
surplus,surplus
archaeologist,archaeologist
surroundings,surroundings
vicious,vicious
caution,caution
wedge,wedge
eagle,eagle
Victorian,Victorian
disturbance,disturbance
sandy,sandy
evangelical,evangelical
coffin,coffin
tense,tense
server,server
wait,wait
spokeswoman,spokeswoman
shed,shed
fashion,fashion
construct,construct
leisure,leisure
emit,emit
pharmaceutical,pharmaceutical
prototype,prototype
unusually,unusually
lender,lender
acquaintance,acquaintance
vegetation,vegetation
comparative,comparative
scratch,scratch
anthropologist,anthropologist
magnet,magnet
seasonal,seasonal
contempt,contempt
bastard,bastard
module,module
considering,considering
dominance,dominance
desired,desired
ample,ample
zoo,zoo
wheel,wheel
theorist,theorist
disadvantage,disadvantage
throw,throw
efficacy,efficacy
stripe,stripe
commission,commission
foremost,foremost
potent,potent
exclaim,exclaim
clip,clip
tee,tee
crossing,crossing
dentist,dentist
den,den
adverse,adverse
reported,reported
scholarly,scholarly
conditioning,conditioning
improving,improving
sorrow,sorrow
whisk,whisk
pastry,pastry
opposite,opposite
provincial,provincial
decrease,decrease
exaggerate,exaggerate
reactor,reactor
oyster,oyster
decisive,decisive
curl,curl
arch,arch
satisfying,satisfying
visually,visually
seventeen,seventeen
wage,wage
volcano,volcano
desert,desert
greeting,greeting
jealous,jealous
chuckle,chuckle
molecular,molecular
pasture,pasture
swamp,swamp
rebellion,rebellion
sleeping,sleeping
team,team
standardized,standardized
dash,dash
constituency,constituency
communist,communist
steering,steering
awesome,awesome
coming,coming
lesbian,lesbian
evidently,evidently
bait,bait
sore,sore
map,map
deliberate,deliberate
embargo,embargo
novelist,novelist
reef,reef
fictional,fictional
blend,blend
usage,usage
boost,boost
registered,registered
erect,erect
oath,oath
efficiently,efficiently
deficiency,deficiency
antique,antique
nephew,nephew
glare,glare
implant,implant
dietary,dietary
blur,blur
middle-aged,middle-aged
fertilizer,fertilizer
fairy,fairy
vintage,vintage
freezing,freezing
altitude,altitude
subscale,subscale
breed,breed
nationwide,nationwide
protected,protected
squint,squint
five-year,five-year
urgency,urgency
span,span
download,download
recruitment,recruitment
handy,handy
oddly,oddly
tag,tag
flashlight,flashlight
differentiate,differentiate
racist,racist
varied,varied
hammer,hammer
collaborate,collaborate
succession,succession
tricky,tricky
follow-up,follow-up
waitress,waitress
remnant,remnant
cement,cement
elk,elk
morally,morally
recite,recite
unemployed,unemployed
communal,communal
Brazilian,Brazilian
click,click
guiding,guiding
cuisine,cuisine
hint,hint
interference,interference
situate,situate
sip,sip
thinker,thinker
expanding,expanding
maturity,maturity
bacon,bacon
spoil,spoil
wrestle,wrestle
devastate,devastate
underestimate,underestimate
navigate,navigate
robust,robust
clause,clause
mature,mature
committed,committed
fit,fit
collaborative,collaborative
bulletin,bulletin
darling,darling
ecology,ecology
deployment,deployment
phone,phone
terrace,terrace
northwestern,northwestern
resent,resent
blossom,blossom
temper,temper
continuity,continuity
grass-roots,grass-roots
ritual,ritual
genuinely,genuinely
accessory,accessory
petty,petty
overseas,overseas
obsessed,obsessed
smiling,smiling
wrap,wrap
indirect,indirect
spacecraft,spacecraft
ya,ya
up,up
bureaucratic,bureaucratic
long-standing,long-standing
generic,generic
stride,stride
water,water
globalization,globalization
marathon,marathon
massacre,massacre
spur,spur
prestigious,prestigious
discomfort,discomfort
scale,scale
backpack,backpack
trench,trench
low-income,low-income
deviation,deviation
spirituality,spirituality
icy,icy
down,down
applied,applied
diesel,diesel
whistle,whistle
astronomy,astronomy
nail,nail
governance,governance
devotion,devotion
cinnamon,cinnamon
appropriately,appropriately
skeleton,skeleton
briefing,briefing
sew,sew
spawn,spawn
roster,roster
unpleasant,unpleasant
inflict,inflict
insane,insane
indict,indict
entertaining,entertaining
dump,dump
compound,compound
profoundly,profoundly
marked,marked
boil,boil
muddy,muddy
two-year,two-year
singing,singing
turtle,turtle
occupational,occupational
nurse,nurse
trio,trio
ferry,ferry
leverage,leverage
comeback,comeback
consulting,consulting
thereafter,thereafter
conflicting,conflicting
sticky,sticky
painted,painted
turmoil,turmoil
astonishing,astonishing
randomly,randomly
referral,referral
perfection,perfection
clergy,clergy
renewal,renewal
migrate,migrate
sustained,sustained
keen,keen
orient,orient
rite,rite
imaginary,imaginary
mathematical,mathematical
offspring,offspring
radically,radically
archive,archive
knock,knock
full,full
pillar,pillar
adhere,adhere
receipt,receipt
re-create,re-create
probe,probe
underwear,underwear
contamination,contamination
parlor,parlor
uneasy,uneasy
type,type
unacceptable,unacceptable
surge,surge
lesbian,lesbian
appropriation,appropriation
retention,retention
disappearance,disappearance
privileged,privileged
carriage,carriage
sporting,sporting
artillery,artillery
messenger,messenger
motif,motif
mentality,mentality
pavement,pavement
moist,moist
tackle,tackle
tractor,tractor
Canadian,Canadian
statewide,statewide
hitter,hitter
postpone,postpone
craft,craft
beneficiary,beneficiary
helpless,helpless
contention,contention
relevance,relevance
ballet,ballet
hobby,hobby
Swedish,Swedish
Bosnian,Bosnian
policymaker,policymaker
velocity,velocity
critically,critically
reconcile,reconcile
pathway,pathway
noisy,noisy
opposing,opposing
madness,madness
cleaner,cleaner
hub,hub
compartment,compartment
fury,fury
insult,insult
respected,respected
spontaneous,spontaneous
usher,usher
golfer,golfer
embark,embark
tour,tour
asthma,asthma
misleading,misleading
bloom,bloom
slender,slender
blouse,blouse
term,term
bat,bat
proliferation,proliferation
manifestation,manifestation
stark,stark
necklace,necklace
lettuce,lettuce
proximity,proximity
brochure,brochure
perimeter,perimeter
perfume,perfume
firing,firing
brace,brace
symbolize,symbolize
matching,matching
stamp,stamp
flock,flock
firearm,firearm
refine,refine
bond,bond
rivalry,rivalry
volatile,volatile
sermon,sermon
rigorous,rigorous
mule,mule
supplement,supplement
rival,rival
delighted,delighted
oval,oval
hurdle,hurdle
sturdy,sturdy
canoe,canoe
turf,turf
parsley,parsley
broaden,broaden
workforce,workforce
voyage,voyage
drift,drift
definitive,definitive
propel,propel
discharge,discharge
distort,distort
scoop,scoop
overweight,overweight
replicate,replicate
swift,swift
tab,tab
kind,kind
linebacker,linebacker
undo,undo
advancement,advancement
radical,radical
split,split
basics,basics
goddess,goddess
stalk,stalk
intimidate,intimidate
grandson,grandson
verge,verge
plague,plague
bipartisan,bipartisan
sergeant,sergeant
passing,passing
batch,batch
lace,lace
deter,deter
privatization,privatization
lord,lord
expire,expire
adjacent,adjacent
messy,messy
smoker,smoker
catastrophe,catastrophe
withhold,withhold
unpredictable,unpredictable
ivory,ivory
embryo,embryo
coincide,coincide
transcend,transcend
violin,violin
lucrative,lucrative
diagnostic,diagnostic
decorative,decorative
resistant,resistant
escort,escort
service,service
rag,rag
promptly,promptly
reopen,reopen
expanded,expanded
stall,stall
eye,eye
cheer,cheer
detention,detention
dedicated,dedicated
talking,talking
liar,liar
stream,stream
homosexuality,homosexuality
southeastern,southeastern
pact,pact
elicit,elicit
vest,vest
fascination,fascination
inquire,inquire
bust,bust
contender,contender
signify,signify
bolster,bolster
oblige,oblige
hull,hull
parole,parole
deposit,deposit
splash,splash
prestige,prestige
elevation,elevation
backdrop,backdrop
loved,loved
happening,happening
vibrant,vibrant
modeling,modeling
poetic,poetic
interrogation,interrogation
sensibility,sensibility
linguistic,linguistic
reformer,reformer
sticker,sticker
shooter,shooter
scoring,scoring
geographical,geographical
beam,beam
power,power
stain,stain
publishing,publishing
unveil,unveil
imminent,imminent
flawed,flawed
air,air
backwards,backwards
clap,clap
alpha,alpha
foil,foil
uncommon,uncommon
bearing,bearing
rude,rude
bunker,bunker
frustrated,frustrated
amusement,amusement
anthropology,anthropology
deepen,deepen
accepted,accepted
animated,animated
landlord,landlord
curb,curb
bark,bark
composite,composite
crouch,crouch
conquer,conquer
enduring,enduring
implicit,implicit
unlimited,unlimited
dictator,dictator
inhale,inhale
interestingly,interestingly
genetically,genetically
forthcoming,forthcoming
environmentally,environmentally
width,width
healing,healing
therapeutic,therapeutic
fetch,fetch
greed,greed
circular,circular
siren,siren
weary,weary
vacant,vacant
complement,complement
deaf,deaf
duck,duck
incoming,incoming
welcome,welcome
fastest,fastest
tiger,tiger
referendum,referendum
allocate,allocate
millionaire,millionaire
hillside,hillside
four-year,four-year
paradox,paradox
lush,lush
resident,resident
hurry,hurry
charitable,charitable
forward,forward
mourn,mourn
arguably,arguably
scarce,scarce
siege,siege
probable,probable
pervasive,pervasive
prevailing,prevailing
barbecue,barbecue
territorial,territorial
strangely,strangely
definite,definite
translator,translator
strategist,strategist
marsh,marsh
disruption,disruption
preside,preside
gradual,gradual
nowadays,nowadays
displace,displace
discriminate,discriminate
trademark,trademark
solitary,solitary
catalogue,catalogue
documentation,documentation
stall,stall
homosexual,homosexual
multicultural,multicultural
casually,casually
polar,polar
bass,bass
puppy,puppy
prohibition,prohibition
coconut,coconut
median,median
remainder,remainder
neglect,neglect
badge,badge
navy,navy
pending,pending
dislike,dislike
angler,angler
void,void
slump,slump
seafood,seafood
hum,hum
theologian,theologian
dating,dating
inaudible,inaudible
curse,curse
synthetic,synthetic
paradise,paradise
granite,granite
battered,battered
syrup,syrup
buying,buying
mimic,mimic
restrain,restrain
Broadway,Broadway
premiere,premiere
desktop,desktop
erode,erode
beverage,beverage
pest,pest
qualification,qualification
viewing,viewing
interim,interim
wholly,wholly
paperwork,paperwork
oppression,oppression
hybrid,hybrid
illegally,illegally
lodge,lodge
pierce,pierce
ammunition,ammunition
indulge,indulge
commuter,commuter
suspected,suspected
steroids,steroids
flick,flick
answering,answering
prairie,prairie
atmospheric,atmospheric
pear,pear
serial,serial
investigative,investigative
panic,panic
reflective,reflective
boomer,boomer
finished,finished
landfill,landfill
fund-raiser,fund-raiser
surpass,surpass
day-to-day,day-to-day
infinite,infinite
commute,commute
gossip,gossip
muscular,muscular
contradict,contradict
discrepancy,discrepancy
bilateral,bilateral
intermediate,intermediate
temporal,temporal
lunar,lunar
sincere,sincere
pluck,pluck
dice,dice
demise,demise
patio,patio
premature,premature
utter,utter
roommate,roommate
chant,chant
tout,tout
sound,sound
overwhelmingly,overwhelmingly
crater,crater
enrich,enrich
exploitation,exploitation
submarine,submarine
ditch,ditch
clown,clown
comfortably,comfortably
loaf,loaf
twilight,twilight
secondly,secondly
sweep,sweep
wrestling,wrestling
dispose,dispose
cushion,cushion
imaging,imaging
princess,princess
comprehend,comprehend
vaguely,vaguely
one-time,one-time
squirrel,squirrel
adolescence,adolescence
e-mail,e-mail
fare,fare
unlock,unlock
bleeding,bleeding
royalty,royalty
stock,stock
salon,salon
gear,gear
destine,destine
descriptive,descriptive
divide,divide
rage,rage
responsive,responsive
loosely,loosely
superb,superb
evacuate,evacuate
understandable,understandable
squash,squash
recruit,recruit
postcard,postcard
modified,modified
elusive,elusive
float,float
hardship,hardship
relocate,relocate
affiliate,affiliate
claw,claw
pity,pity
incomplete,incomplete
instability,instability
dodge,dodge
gesture,gesture
unwanted,unwanted
bureaucrat,bureaucrat
projected,projected
skepticism,skepticism
marvelous,marvelous
cater,cater
laborer,laborer
continuously,continuously
reliance,reliance
immunity,immunity
fax,fax
tornado,tornado
chess,chess
filing,filing
Halloween,Halloween
buffalo,buffalo
camel,camel
planetary,planetary
nucleus,nucleus
heck,heck
declining,declining
blonde,blonde
conform,conform
Taliban,Taliban
book,book
comic,comic
cuff,cuff
worthwhile,worthwhile
brightly,brightly
shipment,shipment
bud,bud
sperm,sperm
sedan,sedan
accompanying,accompanying
certified,certified
admiration,admiration
roar,roar
apartheid,apartheid
earring,earring
off,off
apparatus,apparatus
withstand,withstand
expel,expel
mine,mine
extinction,extinction
archaeological,archaeological
overview,overview
reluctance,reluctance
forgiveness,forgiveness
prevalent,prevalent
scarcely,scarcely
irrigation,irrigation
societal,societal
benign,benign
lumber,lumber
extensively,extensively
cabbage,cabbage
slack,slack
calmly,calmly
dedication,dedication
follow-up,follow-up
rugged,rugged
boulder,boulder
inequality,inequality
halt,halt
produce,produce
obscure,obscure
coherent,coherent
kidnap,kidnap
earnest,earnest
apt,apt
optimal,optimal
simplicity,simplicity
staple,staple
canned,canned
closing,closing
plaque,plaque
autobiography,autobiography
preschool,preschool
confidential,confidential
characteristic,characteristic
chat,chat
superstar,superstar
intensely,intensely
sleek,sleek
windshield,windshield
elaborate,elaborate
draw,draw
dune,dune
appropriate,appropriate
ambiguity,ambiguity
whiskey,whiskey
compatible,compatible
shipping,shipping
indirectly,indirectly
susceptible,susceptible
deduction,deduction
grilled,grilled
tester,tester
rinse,rinse
vigorously,vigorously
appealing,appealing
relentless,relentless
sunglasses,sunglasses
inconsistent,inconsistent
interpersonal,interpersonal
vase,vase
canopy,canopy
crumble,crumble
staircase,staircase
fixture,fixture
maternal,maternal
lure,lure
negotiator,negotiator
vampire,vampire
certify,certify
mold,mold
cynical,cynical
periodically,periodically
loneliness,loneliness
merchandise,merchandise
excel,excel
fuck,fuck
blunt,blunt
authoritarian,authoritarian
astronomical,astronomical
gardening,gardening
massage,massage
accidentally,accidentally
manual,manual
gratitude,gratitude
emperor,emperor
outraged,outraged
affiliation,affiliation
triple,triple
hue,hue
fungus,fungus
disparity,disparity
enzyme,enzyme
intercept,intercept
postal,postal
lodge,lodge
whistle,whistle
cease-fire,cease-fire
deepest,deepest
surviving,surviving
cylinder,cylinder
membrane,membrane
cafeteria,cafeteria
ambiguous,ambiguous
dismantle,dismantle
selling,selling
dire,dire
hybrid,hybrid
honorable,honorable
high-speed,high-speed
heap,heap
high-profile,high-profile
allocation,allocation
glide,glide
pave,pave
infectious,infectious
communism,communism
preceding,preceding
precaution,precaution
surface,surface
fry,fry
saucepan,saucepan
metro,metro
qualitative,qualitative
activism,activism
infrared,infrared
awe,awe
unstable,unstable
invariably,invariably
informant,informant
onset,onset
myriad,myriad
internationally,internationally
overnight,overnight
heated,heated
nervously,nervously
Freeman,Freeman
pressure,pressure
exemption,exemption
reluctantly,reluctantly
scout,scout
exposed,exposed
pottery,pottery
assault,assault
insufficient,insufficient
subcommittee,subcommittee
spy,spy
antenna,antenna
stew,stew
printed,printed
folder,folder
underneath,underneath
governing,governing
co-author,co-author
plausible,plausible
abusive,abusive
airborne,airborne
sneakers,sneakers
screw,screw
someplace,someplace
harass,harass
behalf,behalf
energetic,energetic
ethic,ethic
Nazi,Nazi
secrecy,secrecy
rep,rep
confer,confer
designated,designated
stare,stare
paralyze,paralyze
endanger,endanger
embarrass,embarrass
billboard,billboard
equal,equal
substantive,substantive
thermal,thermal
precinct,precinct
daytime,daytime
shrub,shrub
underway,underway
grader,grader
consolidate,consolidate
nationalist,nationalist
tribunal,tribunal
pressing,pressing
arouse,arouse
dental,dental
silence,silence
cockpit,cockpit
stressful,stressful
napkin,napkin
unload,unload
pornography,pornography
affluent,affluent
cozy,cozy
knight,knight
urine,urine
harbor,harbor
obesity,obesity
station,station
exacerbate,exacerbate
innings,innings
groan,groan
takeover,takeover
dwell,dwell
milky,milky
forecast,forecast
plug,plug
tangible,tangible
feat,feat
militant,militant
realism,realism
lurk,lurk
torch,torch
swiftly,swiftly
plague,plague
hay,hay
spinach,spinach
dwarf,dwarf
terminate,terminate
beetle,beetle
tactical,tactical
space,space
probation,probation
populate,populate
mistress,mistress
attic,attic
strap,strap
maneuver,maneuver
huddle,huddle
pirate,pirate
constellation,constellation
wreck,wreck
worship,worship
Baptist,Baptist
civilized,civilized
smack,smack
masculine,masculine
think,think
would-be,would-be
lingering,lingering
subscriber,subscriber
platter,platter
printing,printing
pearl,pearl
all-time,all-time
dusk,dusk
renowned,renowned
crumb,crumb
sewage,sewage
gee,gee
allergy,allergy
provocative,provocative
sweetheart,sweetheart
triple,triple
reversal,reversal
stolen,stolen
retiree,retiree
disappointing,disappointing
disposition,disposition
batter,batter
effect,effect
dart,dart
allegiance,allegiance
extract,extract
wax,wax
felony,felony
fingertip,fingertip
sob,sob
trousers,trousers
crap,crap
fusion,fusion
shovel,shovel
homosexual,homosexual
split,split
socialism,socialism
graceful,graceful
puppet,puppet
wholesale,wholesale
freezer,freezer
chapel,chapel
part,part
subsidize,subsidize
disastrous,disastrous
pastoral,pastoral
filling,filling
adversary,adversary
labor,labor
intricate,intricate
voucher,voucher
explosives,explosives
scheduled,scheduled
floating,floating
cash,cash
single,single
burger,burger
throne,throne
renovation,renovation
chick,chick
orchard,orchard
diaper,diaper
gunman,gunman
auditor,auditor
mural,mural
fingerprint,fingerprint
chord,chord
right-wing,right-wing
glue,glue
visibility,visibility
unified,unified
shining,shining
restructuring,restructuring
sideline,sideline
dash,dash
mankind,mankind
incorrect,incorrect
theatrical,theatrical
frenzy,frenzy
plus,plus
Serbian,Serbian
turbine,turbine
reverse,reverse
condo,condo
glare,glare
betrayal,betrayal
focal,focal
baggage,baggage
eventual,eventual
shack,shack
veto,veto
wire,wire
traumatic,traumatic
recall,recall
insurgent,insurgent
showcase,showcase
bleak,bleak
batter,batter
veil,veil
setback,setback
insistence,insistence
restless,restless
severity,severity
mandate,mandate
pounding,pounding
slow,slow
renewable,renewable
competency,competency
crusade,crusade
published,published
entitlement,entitlement
torso,torso
sunrise,sunrise
deposition,deposition
stump,stump
Pakistani,Pakistani
cheerful,cheerful
ginger,ginger
extraordinarily,extraordinarily
fuzzy,fuzzy
awake,awake
puzzled,puzzled
um,um
reconstruct,reconstruct
openness,openness
pancake,pancake
formulation,formulation
diagram,diagram
comb,comb
luggage,luggage
elimination,elimination
hurl,hurl
whoa,whoa
friction,friction
furnish,furnish
knowledgeable,knowledgeable
segregation,segregation
aerial,aerial
prosperous,prosperous
voluntarily,voluntarily
mid,mid
mama,mama
unleash,unleash
giggle,giggle
analytical,analytical
forensic,forensic
grasp,grasp
kin,kin
tariff,tariff
controlled,controlled
examiner,examiner
poison,poison
foliage,foliage
respectable,respectable
ignorant,ignorant
domination,domination
prostate,prostate
climbing,climbing
dispatch,dispatch
disguise,disguise
tick,tick
stain,stain
raised,raised
hatch,hatch
dine,dine
signing,signing
raft,raft
amend,amend
multimedia,multimedia
cohort,cohort
seizure,seizure
arthritis,arthritis
nutritional,nutritional
prolonged,prolonged
sideways,sideways
palette,palette
shifting,shifting
imitation,imitation
lipstick,lipstick
mediate,mediate
cathedral,cathedral
cram,cram
genome,genome
spike,spike
worrying,worrying
lament,lament
selfish,selfish
alternate,alternate
ignite,ignite
bully,bully
revolve,revolve
bracelet,bracelet
negatively,negatively
arsenal,arsenal
keeper,keeper
spa,spa
wet,wet
basil,basil
built-in,built-in
hmm,hmm
contaminate,contaminate
reverse,reverse
disbelief,disbelief
gay,gay
veto,veto
shout,shout
inhibit,inhibit
alumnus,alumnus
enormously,enormously
plight,plight
vibration,vibration
startling,startling
default,default
Czech,Czech
sickness,sickness
chaotic,chaotic
disperse,disperse
hollow,hollow
pull,pull
sober,sober
sleepy,sleepy
listening,listening
saw,saw
camping,camping
youthful,youthful
telephone,telephone
glowing,glowing
pub,pub
comrade,comrade
rainbow,rainbow
contradictory,contradictory
awhile,awhile
Madame,Madame
merry,merry
flatten,flatten
intrinsic,intrinsic
corresponding,corresponding
roadside,roadside
nap,nap
peek,peek
unexpectedly,unexpectedly
impatient,impatient
charcoal,charcoal
high-quality,high-quality
presently,presently
starve,starve
impair,impair
frantic,frantic
razor,razor
cautiously,cautiously
distributor,distributor
planting,planting
half-hour,half-hour
constructive,constructive
fertile,fertile
rear,rear
reclaim,reclaim
prose,prose
prevalence,prevalence
daunting,daunting
disgust,disgust
embrace,embrace
extreme,extreme
sewer,sewer
eagerly,eagerly
timely,timely
wield,wield
slab,slab
yogurt,yogurt
southwestern,southwestern
Mexican,Mexican
catcher,catcher
fox,fox
doom,doom
crest,crest
northeastern,northeastern
rainy,rainy
niece,niece
layout,layout
sketch,sketch
pose,pose
persistence,persistence
eighty,eighty
hamburger,hamburger
upright,upright
rancher,rancher
readiness,readiness
abolish,abolish
accidental,accidental
respiratory,respiratory
capsule,capsule
GI,GI
autonomous,autonomous
yacht,yacht
lever,lever
rhetorical,rhetorical
mumble,mumble
liner,liner
librarian,librarian
down,down
liberate,liberate
year-round,year-round
desperation,desperation
hands-on,hands-on
three-year,three-year
feminism,feminism
morale,morale
anonymity,anonymity
reinforcement,reinforcement
distortion,distortion
interstate,interstate
prophet,prophet
bloom,bloom
pragmatic,pragmatic
almond,almond
topple,topple
validate,validate
cooked,cooked
vastly,vastly
dime,dime
diversion,diversion
Roman,Roman
graze,graze
inferior,inferior
aboard,aboard
reminiscent,reminiscent
sitting,sitting
comedian,comedian
subsidiary,subsidiary
orphan,orphan
brief,brief
alleviate,alleviate
persona,persona
founding,founding
preview,preview
protagonist,protagonist
inn,inn
undercover,undercover
colonel,colonel
collectively,collectively
systematically,systematically
real-life,real-life
reel,reel
enlarge,enlarge
thin,thin
quick,quick
cruiser,cruiser
best-selling,best-selling
adult,adult
crunch,crunch
escalate,escalate
stubborn,stubborn
mock,mock
scrub,scrub
rubble,rubble
discretion,discretion
sprawling,sprawling
foe,foe
capture,capture
polished,polished
bathe,bathe
avert,avert
maneuver,maneuver
detain,detain
arbitrary,arbitrary
resemblance,resemblance
outdoors,outdoors
genocide,genocide
conjunction,conjunction
redefine,redefine
cavity,cavity
unrelated,unrelated
troubling,troubling
novice,novice
glue,glue
animation,animation
blueprint,blueprint
tenth,tenth
catastrophic,catastrophic
black-and-white,black-and-white
compliment,compliment
crave,crave
pedestrian,pedestrian
nude,nude
hiring,hiring
residue,residue
progression,progression
whip,whip
impact,impact
runoff,runoff
shorten,shorten
agony,agony
accustom,accustom
deteriorate,deteriorate
professionally,professionally
empathy,empathy
collide,collide
ground,ground
bargaining,bargaining
feasible,feasible
applicable,applicable
impeachment,impeachment
mastery,mastery
structure,structure
playwright,playwright
directive,directive
bypass,bypass
reap,reap
facade,facade
underlie,underlie
arrogant,arrogant
vent,vent
edge,edge
dubious,dubious
preventive,preventive
creamy,creamy
foresee,foresee
sport,sport
intent,intent
oneself,oneself
wade,wade
enhanced,enhanced
bracket,bracket
dust,dust
harmless,harmless
loading,loading
binoculars,binoculars
bra,bra
paste,paste
premier,premier
peril,peril
eclipse,eclipse
mirror,mirror
peak,peak
nineteenth-century,nineteenth-century
Mediterranean,Mediterranean
enjoyment,enjoyment
reign,reign
convicted,convicted
affect,affect
rightly,rightly
patriotic,patriotic
bruise,bruise
advertiser,advertiser
poultry,poultry
patrol,patrol
heterosexual,heterosexual
rewrite,rewrite
Protestant,Protestant
dictatorship,dictatorship
sail,sail
moan,moan
procession,procession
em,em
automaker,automaker
cracker,cracker
sitcom,sitcom
lessen,lessen
genetics,genetics
conquest,conquest
gosh,gosh
payoff,payoff
Lebanese,Lebanese
parliamentary,parliamentary
amateur,amateur
perpetuate,perpetuate
fashionable,fashionable
Methodist,Methodist
packaging,packaging
railing,railing
inheritance,inheritance
expectancy,expectancy
quantitative,quantitative
infamous,infamous
pair,pair
brink,brink
lease,lease
cellar,cellar
briefcase,briefcase
pollutant,pollutant
paycheck,paycheck
plum,plum
elevated,elevated
recede,recede
inherently,inherently
code,code
abound,abound
repression,repression
boiling,boiling
allowance,allowance
kidnapping,kidnapping
linkage,linkage
breakup,breakup
masterpiece,masterpiece
string,string
lust,lust
roast,roast
low-fat,low-fat
culminate,culminate
plummet,plummet
maze,maze
militant,militant
depiction,depiction
humiliation,humiliation
kindness,kindness
interest,interest
watershed,watershed
wartime,wartime
profit,profit
pronounced,pronounced
drainage,drainage
ordeal,ordeal
splendid,splendid
multinational,multinational
shell,shell
implicate,implicate
periodic,periodic
refined,refined
mesh,mesh
snapshot,snapshot
discern,discern
inning,inning
stake,stake
adore,adore
literal,literal
dove,dove
long-distance,long-distance
slippery,slippery
foul,foul
proven,proven
outing,outing
alarming,alarming
homer,homer
solicit,solicit
politely,politely
thinly,thinly
intercourse,intercourse
tentative,tentative
insult,insult
ache,ache
informed,informed
unsuccessful,unsuccessful
paid,paid
wicked,wicked
stagger,stagger
conjure,conjure
parcel,parcel
nudge,nudge
perfect,perfect
trained,trained
nasal,nasal
uprising,uprising
endurance,endurance
spicy,spicy
trajectory,trajectory
constrain,constrain
ornament,ornament
orderly,orderly
saga,saga
intentionally,intentionally
pinch,pinch
nationality,nationality
comforting,comforting
dealings,dealings
accord,accord
flake,flake
recess,recess
alcoholic,alcoholic
appraisal,appraisal
lay,lay
opener,opener
reconsider,reconsider
offshore,offshore
surf,surf
sliced,sliced
sunshine,sunshine
culinary,culinary
newborn,newborn
biodiversity,biodiversity
degradation,degradation
counsel,counsel
explorer,explorer
superiority,superiority
hiss,hiss
cubic,cubic
initial,initial
adulthood,adulthood
questioning,questioning
autopsy,autopsy
incapable,incapable
mount,mount
residual,residual
slower,slower
gigantic,gigantic
fingernail,fingernail
asylum,asylum
bum,bum
variable,variable
IQ,IQ
repertoire,repertoire
loft,loft
rethink,rethink
rehearse,rehearse
psyche,psyche
pedal,pedal
exemplify,exemplify
bust,bust
imported,imported
shuffle,shuffle
storm,storm
fiercely,fiercely
penis,penis
lizard,lizard
crate,crate
uranium,uranium
underground,underground
tailor,tailor
marvel,marvel
Kurdish,Kurdish
brighten,brighten
scattered,scattered
ceramic,ceramic
thrust,thrust
layoff,layoff
compassionate,compassionate
convene,convene
champ,champ
save,save
violently,violently
psychic,psychic
gem,gem
nineteen,nineteen
roasted,roasted
interviewer,interviewer
upward,upward
landowner,landowner
comprehension,comprehension
compute,compute
wrinkle,wrinkle
aspire,aspire
field,field
amongst,amongst
painfully,painfully
scrutinize,scrutinize
Scottish,Scottish
fiery,fiery
fireworks,fireworks
specification,specification
pardon,pardon
Hawaiian,Hawaiian
Texan,Texan
dig,dig
nationalist,nationalist
walnut,walnut
rebound,rebound
dive,dive
computing,computing
enhancement,enhancement
bluff,bluff
capitalist,capitalist
geometry,geometry
twenty-four,twenty-four
slick,slick
knob,knob
aspirin,aspirin
onstage,onstage
tracking,tracking
hog,hog
pier,pier
splash,splash